{"cameraMode":{"drawMode":0,"name":"Shaded","section":"Shading Mode"},"sceneLighting":true,"audioPlay":false,"sceneViewState":{"showFog":true,"showMaterialUpdate":false,"showSkybox":true,"showFlares":true,"showImageEffects":true,"showParticleSystems":true},"in2DMode":false,"pivot":{"x":-4.532599925994873,"y":-0.5588021278381348,"z":1.7269439697265626},"rotation":{"x":0.15667815506458283,"y":-0.478705495595932,"z":0.08726430684328079,"w":0.8594638109207153},"size":14.68979549407959,"orthographic":false}