{"cameraMode":{"drawMode":0,"name":"Shaded","section":"Shading Mode"},"sceneLighting":true,"audioPlay":false,"sceneViewState":{"showFog":true,"showMaterialUpdate":false,"showSkybox":true,"showFlares":true,"showImageEffects":true,"showParticleSystems":true},"in2DMode":false,"pivot":{"x":-25.062498092651368,"y":20.50298500061035,"z":-21.975975036621095},"rotation":{"x":-0.2799954116344452,"y":0.3830071687698364,"z":-0.12303045392036438,"w":-0.8716488480567932},"size":3.757884979248047,"orthographic":false}