{"cameraMode":{"drawMode":0,"name":"Shaded","section":"Shading Mode"},"sceneLighting":false,"audioPlay":false,"sceneViewState":{"showFog":true,"showMaterialUpdate":false,"showSkybox":false,"showFlares":true,"showImageEffects":true,"showParticleSystems":true},"in2DMode":false,"pivot":{"x":1.581229567527771,"y":1.1126625537872315,"z":8.052760124206543},"rotation":{"x":-0.3684380352497101,"y":-0.5418252944946289,"z":0.28540921211242678,"w":-0.6994429230690002},"size":1.7596328258514405,"orthographic":false}