{"cameraMode":{"drawMode":0,"name":"Shaded","section":"Shading Mode"},"sceneLighting":true,"audioPlay":false,"sceneViewState":{"showFog":true,"showMaterialUpdate":false,"showSkybox":true,"showFlares":true,"showImageEffects":true,"showParticleSystems":true},"in2DMode":false,"pivot":{"x":-4.483837127685547,"y":2.503408432006836,"z":8.995659828186036},"rotation":{"x":0.2735214829444885,"y":0.4743301272392273,"z":-0.1578720659017563,"w":0.8217502236366272},"size":31.264820098876954,"orthographic":false}