{"cameraMode":{"drawMode":0,"name":"Shaded","section":"Shading Mode"},"sceneLighting":true,"audioPlay":false,"sceneViewState":{"showFog":true,"showMaterialUpdate":false,"showSkybox":true,"showFlares":true,"showImageEffects":true,"showParticleSystems":true},"in2DMode":false,"pivot":{"x":29.043575286865236,"y":-34.199546813964847,"z":54.52619934082031},"rotation":{"x":0.2726310193538666,"y":0.28731635212898257,"z":-0.08567144721746445,"w":0.9142111539840698},"size":142.31216430664063,"orthographic":false}